-- MySQL dump 10.13  Distrib 8.0.41, for Win64 (x86_64)
--
-- Host: localhost    Database: ustc_exam
-- ------------------------------------------------------
-- Server version	8.0.41

/*!40101 SET @OLD_CHARACTER_SET_CLIENT=@@CHARACTER_SET_CLIENT */;
/*!40101 SET @OLD_CHARACTER_SET_RESULTS=@@CHARACTER_SET_RESULTS */;
/*!40101 SET @OLD_COLLATION_CONNECTION=@@COLLATION_CONNECTION */;
/*!50503 SET NAMES utf8 */;
/*!40103 SET @OLD_TIME_ZONE=@@TIME_ZONE */;
/*!40103 SET TIME_ZONE='+00:00' */;
/*!40014 SET @OLD_UNIQUE_CHECKS=@@UNIQUE_CHECKS, UNIQUE_CHECKS=0 */;
/*!40014 SET @OLD_FOREIGN_KEY_CHECKS=@@FOREIGN_KEY_CHECKS, FOREIGN_KEY_CHECKS=0 */;
/*!40101 SET @OLD_SQL_MODE=@@SQL_MODE, SQL_MODE='NO_AUTO_VALUE_ON_ZERO' */;
/*!40111 SET @OLD_SQL_NOTES=@@SQL_NOTES, SQL_NOTES=0 */;

--
-- Table structure for table `el_exam`
--

DROP TABLE IF EXISTS `el_exam`;
/*!40101 SET @saved_cs_client     = @@character_set_client */;
/*!50503 SET character_set_client = utf8mb4 */;
CREATE TABLE `el_exam` (
  `id` varchar(64) CHARACTER SET utf8mb4 COLLATE utf8mb4_general_ci NOT NULL COMMENT 'ID',
  `title` varchar(255) CHARACTER SET utf8mb4 COLLATE utf8mb4_general_ci NOT NULL COMMENT '考试名称',
  `content` varchar(255) CHARACTER SET utf8mb4 COLLATE utf8mb4_general_ci NOT NULL DEFAULT '' COMMENT '考试描述',
  `open_type` int NOT NULL DEFAULT '1' COMMENT '1公开2部门3定员',
  `state` int NOT NULL DEFAULT '0' COMMENT '考试状态',
  `time_limit` tinyint NOT NULL DEFAULT '0' COMMENT '是否限时',
  `start_time` datetime DEFAULT NULL COMMENT '开始时间',
  `end_time` datetime DEFAULT NULL COMMENT '结束时间',
  `create_time` datetime DEFAULT NULL COMMENT '创建时间',
  `update_time` datetime DEFAULT NULL COMMENT '更新时间',
  `total_score` int NOT NULL DEFAULT '0' COMMENT '总分数',
  `total_time` int NOT NULL DEFAULT '0' COMMENT '总时长（分钟）',
  `qualify_score` int NOT NULL DEFAULT '0' COMMENT '及格分数',
  PRIMARY KEY (`id`) USING BTREE,
  KEY `open_type` (`open_type`)
) ENGINE=InnoDB DEFAULT CHARSET=utf8mb4 COLLATE=utf8mb4_general_ci COMMENT='考试主表';
/*!40101 SET character_set_client = @saved_cs_client */;

--
-- Dumping data for table `el_exam`
--

LOCK TABLES `el_exam` WRITE;
/*!40000 ALTER TABLE `el_exam` DISABLE KEYS */;
INSERT INTO `el_exam` VALUES ('1587621704140427265','【USTC演示】考试','【USTC演示】考试',1,0,0,NULL,NULL,'2025-11-02 09:44:46','2025-11-02 09:44:46',70,30,40),('1998999148346957825','【USTC】材料系','【USTC】材料系',2,0,0,NULL,NULL,'2025-11-02 09:44:46','2025-11-02 09:44:46',30,30,0);
/*!40000 ALTER TABLE `el_exam` ENABLE KEYS */;
UNLOCK TABLES;

--
-- Table structure for table `el_exam_depart`
--

DROP TABLE IF EXISTS `el_exam_depart`;
/*!40101 SET @saved_cs_client     = @@character_set_client */;
/*!50503 SET character_set_client = utf8mb4 */;
CREATE TABLE `el_exam_depart` (
  `id` varchar(32) CHARACTER SET utf8mb4 COLLATE utf8mb4_general_ci NOT NULL DEFAULT '' COMMENT 'ID',
  `exam_id` varchar(32) CHARACTER SET utf8mb4 COLLATE utf8mb4_general_ci NOT NULL DEFAULT '' COMMENT '考试ID',
  `depart_id` varchar(32) CHARACTER SET utf8mb4 COLLATE utf8mb4_general_ci NOT NULL DEFAULT '' COMMENT '部门ID',
  PRIMARY KEY (`id`) USING BTREE,
  KEY `exam_id` (`exam_id`),
  KEY `depart_id` (`depart_id`)
) ENGINE=InnoDB DEFAULT CHARSET=utf8mb4 COLLATE=utf8mb4_general_ci COMMENT='考试部门';
/*!40101 SET character_set_client = @saved_cs_client */;

--
-- Dumping data for table `el_exam_depart`
--

LOCK TABLES `el_exam_depart` WRITE;
/*!40000 ALTER TABLE `el_exam_depart` DISABLE KEYS */;
INSERT INTO `el_exam_depart` VALUES ('2003848748895465474','1998999148346957825','1318103313740320770');
/*!40000 ALTER TABLE `el_exam_depart` ENABLE KEYS */;
UNLOCK TABLES;

--
-- Table structure for table `el_exam_repo`
--

DROP TABLE IF EXISTS `el_exam_repo`;
/*!40101 SET @saved_cs_client     = @@character_set_client */;
/*!50503 SET character_set_client = utf8mb4 */;
CREATE TABLE `el_exam_repo` (
  `id` varchar(64) CHARACTER SET utf8mb4 COLLATE utf8mb4_general_ci NOT NULL COMMENT 'ID',
  `exam_id` varchar(64) CHARACTER SET utf8mb4 COLLATE utf8mb4_general_ci NOT NULL COMMENT '考试ID',
  `repo_id` varchar(64) CHARACTER SET utf8mb4 COLLATE utf8mb4_general_ci NOT NULL COMMENT '题库ID',
  `radio_count` int NOT NULL DEFAULT '0' COMMENT '单选题数量',
  `radio_score` int NOT NULL DEFAULT '0' COMMENT '单选题分数',
  `multi_count` int NOT NULL DEFAULT '0' COMMENT '多选题数量',
  `multi_score` int NOT NULL DEFAULT '0' COMMENT '多选题分数',
  `judge_count` int NOT NULL DEFAULT '0' COMMENT '判断题数量',
  `judge_score` int NOT NULL DEFAULT '0' COMMENT '判断题分数',
  `saq_count` int NOT NULL DEFAULT '0' COMMENT '简答题数量',
  `saq_score` int NOT NULL DEFAULT '0' COMMENT '简答题分数',
  PRIMARY KEY (`id`) USING BTREE,
  UNIQUE KEY `exam_repo_id` (`exam_id`,`repo_id`),
  KEY `rule_id` (`exam_id`) USING BTREE,
  KEY `repo_id` (`repo_id`) USING BTREE
) ENGINE=InnoDB DEFAULT CHARSET=utf8mb4 COLLATE=utf8mb4_general_ci COMMENT='考试题库';
/*!40101 SET character_set_client = @saved_cs_client */;

--
-- Dumping data for table `el_exam_repo`
--

LOCK TABLES `el_exam_repo` WRITE;
/*!40000 ALTER TABLE `el_exam_repo` DISABLE KEYS */;
INSERT INTO `el_exam_repo` VALUES ('1627496519370297345','1587621704140427265','1587622451624120321',2,10,6,10,2,10,0,0),('2003848746664095746','1998999148346957825','1998999148346957825',1,10,1,10,1,10,0,0);
/*!40000 ALTER TABLE `el_exam_repo` ENABLE KEYS */;
UNLOCK TABLES;

--
-- Table structure for table `el_paper`
--

DROP TABLE IF EXISTS `el_paper`;
/*!40101 SET @saved_cs_client     = @@character_set_client */;
/*!50503 SET character_set_client = utf8mb4 */;
CREATE TABLE `el_paper` (
  `id` varchar(64) CHARACTER SET utf8mb4 COLLATE utf8mb4_general_ci NOT NULL COMMENT '试卷ID',
  `user_id` varchar(64) CHARACTER SET utf8mb4 COLLATE utf8mb4_general_ci NOT NULL COMMENT '用户ID',
  `depart_id` varchar(32) CHARACTER SET utf8mb4 COLLATE utf8mb4_general_ci NOT NULL DEFAULT '' COMMENT '部门ID',
  `exam_id` varchar(64) CHARACTER SET utf8mb4 COLLATE utf8mb4_general_ci NOT NULL COMMENT '规则ID',
  `title` varchar(64) CHARACTER SET utf8mb4 COLLATE utf8mb4_general_ci NOT NULL COMMENT '考试标题',
  `total_time` int NOT NULL DEFAULT '0' COMMENT '考试时长',
  `user_time` int NOT NULL DEFAULT '0' COMMENT '用户时长',
  `total_score` int NOT NULL DEFAULT '0' COMMENT '试卷总分',
  `qualify_score` int NOT NULL DEFAULT '0' COMMENT '及格分',
  `obj_score` int NOT NULL DEFAULT '0' COMMENT '客观分',
  `subj_score` int NOT NULL DEFAULT '0' COMMENT '主观分',
  `user_score` int NOT NULL COMMENT '用户得分',
  `has_saq` tinyint NOT NULL DEFAULT '0' COMMENT '是否包含简答题',
  `state` int NOT NULL DEFAULT '1' COMMENT '试卷状态',
  `create_time` datetime DEFAULT NULL COMMENT '创建时间',
  `update_time` datetime DEFAULT NULL COMMENT '更新时间',
  `limit_time` datetime DEFAULT NULL COMMENT '截止时间',
  PRIMARY KEY (`id`) USING BTREE,
  KEY `user_id` (`user_id`) USING BTREE,
  KEY `exam_id` (`exam_id`) USING BTREE
) ENGINE=InnoDB DEFAULT CHARSET=utf8mb4 COLLATE=utf8mb4_general_ci COMMENT='考试记录';
/*!40101 SET character_set_client = @saved_cs_client */;

--
-- Dumping data for table `el_paper`
--

LOCK TABLES `el_paper` WRITE;
/*!40000 ALTER TABLE `el_paper` DISABLE KEYS */;
INSERT INTO `el_paper` VALUES ('1998992142802329602','10001','1318103313740320770','1587621704140427265','【USTC演示】考试',30,1,100,60,20,0,20,0,2,'2025-12-11 13:44:01','2025-12-11 13:44:16','2025-12-11 14:14:01');
/*!40000 ALTER TABLE `el_paper` ENABLE KEYS */;
UNLOCK TABLES;

--
-- Table structure for table `el_paper_qu`
--

DROP TABLE IF EXISTS `el_paper_qu`;
/*!40101 SET @saved_cs_client     = @@character_set_client */;
/*!50503 SET character_set_client = utf8mb4 */;
CREATE TABLE `el_paper_qu` (
  `id` varchar(64) CHARACTER SET utf8mb4 COLLATE utf8mb4_general_ci NOT NULL COMMENT 'ID',
  `paper_id` varchar(64) CHARACTER SET utf8mb4 COLLATE utf8mb4_general_ci NOT NULL COMMENT '试卷ID',
  `qu_id` varchar(64) CHARACTER SET utf8mb4 COLLATE utf8mb4_general_ci NOT NULL COMMENT '题目ID',
  `qu_type` int NOT NULL COMMENT '题目类型',
  `answered` tinyint NOT NULL DEFAULT '0' COMMENT '是否已答',
  `answer` varchar(5000) CHARACTER SET utf8mb4 COLLATE utf8mb4_general_ci NOT NULL DEFAULT '' COMMENT '主观答案',
  `sort` int NOT NULL DEFAULT '0' COMMENT '问题排序',
  `score` int NOT NULL DEFAULT '0' COMMENT '单题分分值',
  `actual_score` int NOT NULL DEFAULT '0' COMMENT '实际得分(主观题)',
  `is_right` tinyint NOT NULL DEFAULT '0' COMMENT '是否答对',
  PRIMARY KEY (`id`) USING BTREE,
  KEY `paper_id` (`paper_id`) USING BTREE,
  KEY `qu_id` (`qu_id`) USING BTREE,
  KEY `paper_qu_id` (`paper_id`,`qu_id`) USING BTREE,
  KEY `sort` (`sort`) USING BTREE
) ENGINE=InnoDB DEFAULT CHARSET=utf8mb4 COLLATE=utf8mb4_general_ci COMMENT='考试记录考题';
/*!40101 SET character_set_client = @saved_cs_client */;

--
-- Dumping data for table `el_paper_qu`
--

LOCK TABLES `el_paper_qu` WRITE;
/*!40000 ALTER TABLE `el_paper_qu` DISABLE KEYS */;
INSERT INTO `el_paper_qu` VALUES ('1998992142814912514','1998992142802329602','1587622644356583425',1,1,'',0,10,10,0),('1998992142861049857','1998992142802329602','1587622643823906818',2,1,'',1,10,10,1),('1998992142873632769','1998992142802329602','1587622644201394178',3,1,'',2,10,10,1);
/*!40000 ALTER TABLE `el_paper_qu` ENABLE KEYS */;
UNLOCK TABLES;

--
-- Table structure for table `el_paper_qu_answer`
--

DROP TABLE IF EXISTS `el_paper_qu_answer`;
/*!40101 SET @saved_cs_client     = @@character_set_client */;
/*!50503 SET character_set_client = utf8mb4 */;
CREATE TABLE `el_paper_qu_answer` (
  `id` varchar(64) CHARACTER SET utf8mb4 COLLATE utf8mb4_general_ci NOT NULL COMMENT '自增ID',
  `paper_id` varchar(64) CHARACTER SET utf8mb4 COLLATE utf8mb4_general_ci NOT NULL COMMENT '试卷ID',
  `answer_id` varchar(32) CHARACTER SET utf8mb4 COLLATE utf8mb4_general_ci NOT NULL COMMENT '回答项ID',
  `qu_id` varchar(32) CHARACTER SET utf8mb4 COLLATE utf8mb4_general_ci NOT NULL COMMENT '题目ID',
  `is_right` tinyint NOT NULL DEFAULT '0' COMMENT '是否正确项',
  `checked` tinyint NOT NULL DEFAULT '0' COMMENT '是否选中',
  `sort` int NOT NULL DEFAULT '0' COMMENT '排序',
  `abc` varchar(64) CHARACTER SET utf8mb4 COLLATE utf8mb4_general_ci NOT NULL DEFAULT '' COMMENT '选项标签',
  PRIMARY KEY (`id`) USING BTREE,
  KEY `paper_id` (`paper_id`) USING BTREE,
  KEY `qu_id` (`qu_id`) USING BTREE,
  KEY `paper_qu_id` (`paper_id`,`qu_id`) USING BTREE,
  KEY `sort` (`sort`) USING BTREE
) ENGINE=InnoDB DEFAULT CHARSET=utf8mb4 COLLATE=utf8mb4_general_ci COMMENT='考试记录答案';
/*!40101 SET character_set_client = @saved_cs_client */;

--
-- Dumping data for table `el_paper_qu_answer`
--

LOCK TABLES `el_paper_qu_answer` WRITE;
/*!40000 ALTER TABLE `el_paper_qu_answer` DISABLE KEYS */;
INSERT INTO `el_paper_qu_answer` VALUES ('02f4f2ef-109d-445a-954e-a27e80069726','1998992142802329602','1587622644364972035','1587622644356583425',0,0,1,'B'),('30967aff-b540-42bd-9b9b-3faa153b08d7','1998992142802329602','1587622643832295427','1587622643823906818',1,1,3,'D'),('497951cb-3718-4305-9980-bc3bd3b30c6b','1998992142802329602','1587622643832295428','1587622643823906818',1,1,1,'B'),('574c0af2-f721-4f98-96ad-849b78682d67','1998992142802329602','1587622644209782786','1587622644201394178',0,0,0,'A'),('5bd03448-379c-42fd-b9e8-bfd7caecfa43','1998992142802329602','1587622643832295426','1587622643823906818',1,1,2,'C'),('680aaa3a-e64e-4431-9a3b-f44b13bd7bfa','1998992142802329602','1587622644364972036','1587622644356583425',1,0,0,'A'),('84168896-0c5d-47fc-a4f8-0ac4108e434c','1998992142802329602','1587622644364972034','1587622644356583425',0,0,3,'D'),('8daf690c-8d02-4f0f-af85-7d63cdbc7f6d','1998992142802329602','1587622643832295429','1587622643823906818',1,1,0,'A'),('b3baa757-a4a2-4d80-ba31-bf6b6baee8c4','1998992142802329602','1587622644209782787','1587622644201394178',1,1,1,'B'),('cc953845-62a1-40d1-8ef0-94dfa03b101a','1998992142802329602','1587622644369166338','1587622644356583425',0,1,2,'C');
/*!40000 ALTER TABLE `el_paper_qu_answer` ENABLE KEYS */;
UNLOCK TABLES;

--
-- Table structure for table `el_qu`
--

DROP TABLE IF EXISTS `el_qu`;
/*!40101 SET @saved_cs_client     = @@character_set_client */;
/*!50503 SET character_set_client = utf8mb4 */;
CREATE TABLE `el_qu` (
  `id` varchar(64) CHARACTER SET utf8mb4 COLLATE utf8mb4_general_ci NOT NULL COMMENT '题目ID',
  `qu_type` int NOT NULL COMMENT '题目类型',
  `level` int NOT NULL DEFAULT '1' COMMENT '1普通,2较难',
  `image` varchar(500) CHARACTER SET utf8mb4 COLLATE utf8mb4_general_ci NOT NULL DEFAULT '' COMMENT '题目图片',
  `content` varchar(2000) CHARACTER SET utf8mb4 COLLATE utf8mb4_general_ci NOT NULL COMMENT '题目内容',
  `create_time` datetime NOT NULL DEFAULT CURRENT_TIMESTAMP COMMENT '创建时间',
  `update_time` datetime NOT NULL DEFAULT CURRENT_TIMESTAMP COMMENT '更新时间',
  `remark` varchar(255) CHARACTER SET utf8mb4 COLLATE utf8mb4_general_ci NOT NULL DEFAULT '' COMMENT '题目备注',
  `analysis` varchar(2000) CHARACTER SET utf8mb4 COLLATE utf8mb4_general_ci NOT NULL DEFAULT '' COMMENT '整题解析',
  PRIMARY KEY (`id`) USING BTREE,
  KEY `qu_type` (`qu_type`) USING BTREE
) ENGINE=InnoDB DEFAULT CHARSET=utf8mb4 COLLATE=utf8mb4_general_ci COMMENT='试题主表';
/*!40101 SET character_set_client = @saved_cs_client */;

--
-- Dumping data for table `el_qu`
--

LOCK TABLES `el_qu` WRITE;
/*!40000 ALTER TABLE `el_qu` DISABLE KEYS */;
INSERT INTO `el_qu` VALUES ('1587622643823906818',2,1,'','下列关于数据库 事务（Transaction）的特性，说法正确的有','2025-12-11 09:48:30','2025-12-11 10:48:30','',''),('1587622644201394178',3,1,'','在 MySQL 数据库中，VARCHAR 类型和 CHAR 类型的区别仅在于存储空间的占用大小，二者在数据检索效率上完全一致','2025-12-10 09:48:30','2025-12-10 19:48:30','',''),('1587622644356583425',1,1,'','在关系型数据库中，关于 主键（Primary Key）的描述，下列说法正确的是（）','2025-12-09 09:48:30','2025-12-09 18:48:30','','青海湖是我国最大的湖泊，它是一个咸水湖，面积约4450平方公里，说起来也不小了，但是如果把它放到全世界范围来看的话，青海湖实际上并非大型湖泊，单就面积而言，在全世界排名第34位，和我国国土面积世界第三的位置很不相称，世界最大湖泊里海的面积（38万平方公里），就相当于84个青海湖。'),('1998992888138539009',3,1,'','在 SQL 中，DELETE语句和TRUNCATE语句都可以删除数据表中的数据，且二者都可以通过ROLLBACK语句撤销操作','2025-12-11 13:46:59','2025-12-11 13:46:59','',''),('1998993543968301057',1,2,'','在关系型数据库中，用于建立和强化两个表之间链接的约束是（）','2025-12-11 13:49:35','2025-12-11 13:49:35','',''),('1998993716857511937',3,1,'','数据库索引可以提升数据查询效率，因此给数据表中的所有字段都创建索引，能最大化提升数据库性能。（）','2025-12-11 13:50:16','2025-12-11 13:50:16','',''),('1999003514227367938',1,1,'','金属材料进行退火处理的主要目的是（）','2025-12-11 14:29:12','2025-12-11 14:29:12','',''),('1999003699879845889',2,2,'','下列属于陶瓷材料典型特性的有（）','2025-12-11 14:29:56','2025-12-11 14:29:56','',''),('1999003835783684097',3,1,'','高分子材料的玻璃化转变温度是其从弹性态转变为玻璃态的临界温度。（）','2025-12-11 14:30:29','2025-12-11 14:30:29','','');
/*!40000 ALTER TABLE `el_qu` ENABLE KEYS */;
UNLOCK TABLES;

--
-- Table structure for table `el_qu_answer`
--

DROP TABLE IF EXISTS `el_qu_answer`;
/*!40101 SET @saved_cs_client     = @@character_set_client */;
/*!50503 SET character_set_client = utf8mb4 */;
CREATE TABLE `el_qu_answer` (
  `id` varchar(64) CHARACTER SET utf8mb4 COLLATE utf8mb4_general_ci NOT NULL COMMENT '答案ID',
  `qu_id` varchar(64) CHARACTER SET utf8mb4 COLLATE utf8mb4_general_ci NOT NULL COMMENT '问题ID',
  `is_right` tinyint NOT NULL DEFAULT '0' COMMENT '是否正确',
  `image` varchar(500) CHARACTER SET utf8mb4 COLLATE utf8mb4_general_ci NOT NULL DEFAULT '' COMMENT '选项图片',
  `content` varchar(5000) CHARACTER SET utf8mb4 COLLATE utf8mb4_general_ci NOT NULL DEFAULT '' COMMENT '答案内容',
  `analysis` varchar(5000) CHARACTER SET utf8mb4 COLLATE utf8mb4_general_ci NOT NULL DEFAULT '' COMMENT '答案分析',
  PRIMARY KEY (`id`) USING BTREE,
  KEY `qu_id` (`qu_id`) USING BTREE
) ENGINE=InnoDB DEFAULT CHARSET=utf8mb4 COLLATE=utf8mb4_general_ci COMMENT='试题答案选项';
/*!40101 SET character_set_client = @saved_cs_client */;

--
-- Dumping data for table `el_qu_answer`
--

LOCK TABLES `el_qu_answer` WRITE;
/*!40000 ALTER TABLE `el_qu_answer` DISABLE KEYS */;
INSERT INTO `el_qu_answer` VALUES ('1587622643832295426','1587622643823906818',1,'','原子性（Atomicity）：事务中的操作要么全部执行成功，要么全部失败回滚',''),('1587622643832295427','1587622643823906818',1,'','一致性（Consistency）：事务执行前后，数据库的完整性约束保持不变',''),('1587622643832295428','1587622643823906818',1,'','隔离性（Isolation）：多个并发事务之间相互隔离，互不影响',''),('1587622643832295429','1587622643823906818',1,'','持久性（Durability）：事务一旦提交，其修改会永久保存到数据库中',''),('1587622644209782786','1587622644201394178',0,'','正确',''),('1587622644209782787','1587622644201394178',1,'','错误',''),('1587622644364972034','1587622644356583425',0,'','一个数据表可以有多个主键',''),('1587622644364972035','1587622644356583425',0,'','主键列的值可以为空（NULL）',''),('1587622644364972036','1587622644356583425',1,'','主键用于唯一标识数据表中的每一条记录',''),('1587622644369166338','1587622644356583425',0,'','主键只能由单个字段组成',''),('1998992888222425090','1998992888138539009',0,'','正确',''),('1998992888239202306','1998992888138539009',1,'','错误',''),('1998993544094130177','1998993543968301057',0,'','主键约束（Primary Key）',''),('1998993544110907394','1998993543968301057',1,'','外键约束（Foreign Key）',''),('1998993544119296002','1998993543968301057',0,'','唯一约束（Unique）',''),('1998993544119296003','1998993543968301057',0,'','非空约束（Not Null）',''),('1998993716924620801','1998993716857511937',0,'','正确',''),('1998993716933009409','1998993716857511937',1,'','错误',''),('1999003514265116674','1999003514227367938',0,'','提高强度和硬度',''),('1999003514265116675','1999003514227367938',1,'','降低内应力，改善塑性',''),('1999003514265116676','1999003514227367938',0,'','提高表面耐磨性',''),('1999003514273505282','1999003514227367938',0,'','增强耐腐蚀性',''),('1999003699905011713','1999003699879845889',1,'','高硬度、高耐磨性',''),('1999003699905011714','1999003699879845889',1,'','耐高温、抗氧化',''),('1999003699905011715','1999003699879845889',1,'','良好的导电性和导热性',''),('1999003699905011716','1999003699879845889',1,'','脆性大，抗冲击能力弱',''),('1999003835800461314','1999003835783684097',0,'','正确',''),('1999003835800461315','1999003835783684097',1,'','错误','');
/*!40000 ALTER TABLE `el_qu_answer` ENABLE KEYS */;
UNLOCK TABLES;

--
-- Table structure for table `el_qu_repo`
--

DROP TABLE IF EXISTS `el_qu_repo`;
/*!40101 SET @saved_cs_client     = @@character_set_client */;
/*!50503 SET character_set_client = utf8mb4 */;
CREATE TABLE `el_qu_repo` (
  `id` varchar(64) CHARACTER SET utf8mb4 COLLATE utf8mb4_general_ci NOT NULL,
  `qu_id` varchar(64) CHARACTER SET utf8mb4 COLLATE utf8mb4_general_ci NOT NULL COMMENT '试题',
  `repo_id` varchar(64) CHARACTER SET utf8mb4 COLLATE utf8mb4_general_ci NOT NULL COMMENT '归属题库',
  `qu_type` int NOT NULL DEFAULT '0' COMMENT '题目类型',
  `sort` int NOT NULL DEFAULT '0' COMMENT '排序',
  PRIMARY KEY (`id`) USING BTREE,
  KEY `qu_id` (`qu_id`) USING BTREE,
  KEY `repo_id` (`repo_id`) USING BTREE
) ENGINE=InnoDB DEFAULT CHARSET=utf8mb4 COLLATE=utf8mb4_general_ci COMMENT='试题题库关联';
/*!40101 SET character_set_client = @saved_cs_client */;

--
-- Dumping data for table `el_qu_repo`
--

LOCK TABLES `el_qu_repo` WRITE;
/*!40000 ALTER TABLE `el_qu_repo` DISABLE KEYS */;
INSERT INTO `el_qu_repo` VALUES ('1998991659618508801','1587622644356583425','1587622451624120321',1,1),('1998991844818001922','1587622644201394178','1587622451624120321',3,2),('1998992110392942593','1587622643823906818','1587622451624120321',2,3),('1998992888272756737','1998992888138539009','1587622451624120321',3,4),('1999002992078462977','1998993716857511937','1587622451624120321',3,5),('1999003158609108994','1998993543968301057','1587622451624120321',1,6),('1999003514273505283','1999003514227367938','1998999148346957825',1,1),('1999003699913400322','1999003699879845889','1998999148346957825',2,2),('1999003835808849921','1999003835783684097','1998999148346957825',3,3);
/*!40000 ALTER TABLE `el_qu_repo` ENABLE KEYS */;
UNLOCK TABLES;

--
-- Table structure for table `el_repo`
--

DROP TABLE IF EXISTS `el_repo`;
/*!40101 SET @saved_cs_client     = @@character_set_client */;
/*!50503 SET character_set_client = utf8mb4 */;
CREATE TABLE `el_repo` (
  `id` varchar(64) CHARACTER SET utf8mb3 COLLATE utf8mb3_general_ci NOT NULL COMMENT '题库ID',
  `code` varchar(255) CHARACTER SET utf8mb3 COLLATE utf8mb3_general_ci NOT NULL DEFAULT '' COMMENT '题库编号',
  `title` varchar(255) CHARACTER SET utf8mb3 COLLATE utf8mb3_general_ci NOT NULL COMMENT '题库名称',
  `remark` varchar(255) CHARACTER SET utf8mb3 COLLATE utf8mb3_general_ci NOT NULL DEFAULT '' COMMENT '题库备注',
  `create_time` datetime DEFAULT NULL COMMENT '创建时间',
  `update_time` datetime DEFAULT NULL COMMENT '更新时间',
  PRIMARY KEY (`id`) USING BTREE
) ENGINE=InnoDB DEFAULT CHARSET=utf8mb4 COLLATE=utf8mb4_general_ci COMMENT='题库信息';
/*!40101 SET character_set_client = @saved_cs_client */;

--
-- Dumping data for table `el_repo`
--

LOCK TABLES `el_repo` WRITE;
/*!40000 ALTER TABLE `el_repo` DISABLE KEYS */;
INSERT INTO `el_repo` VALUES ('1587622451624120321','','【USTC】演示题库','【USTC】演示题库','2025-11-02 09:47:44','2025-11-02 09:47:44'),('1998999148346957825','','【USTC】材料系','【USTC】材料系','2025-12-11 14:11:51','2025-12-11 14:11:51');
/*!40000 ALTER TABLE `el_repo` ENABLE KEYS */;
UNLOCK TABLES;

--
-- Table structure for table `el_user_book`
--

DROP TABLE IF EXISTS `el_user_book`;
/*!40101 SET @saved_cs_client     = @@character_set_client */;
/*!50503 SET character_set_client = utf8mb4 */;
CREATE TABLE `el_user_book` (
  `id` varchar(64) CHARACTER SET utf8mb4 COLLATE utf8mb4_general_ci NOT NULL COMMENT 'ID',
  `exam_id` varchar(32) CHARACTER SET utf8mb4 COLLATE utf8mb4_general_ci NOT NULL COMMENT '考试ID',
  `user_id` varchar(64) CHARACTER SET utf8mb4 COLLATE utf8mb4_general_ci NOT NULL COMMENT '用户ID',
  `qu_id` varchar(64) CHARACTER SET utf8mb4 COLLATE utf8mb4_general_ci NOT NULL COMMENT '题目ID',
  `create_time` datetime DEFAULT NULL COMMENT '加入时间',
  `update_time` datetime DEFAULT NULL COMMENT '最近错误时间',
  `wrong_count` int NOT NULL COMMENT '错误时间',
  `title` varchar(1000) CHARACTER SET utf8mb4 COLLATE utf8mb4_general_ci NOT NULL COMMENT '题目标题',
  `sort` int NOT NULL COMMENT '错题序号',
  PRIMARY KEY (`id`) USING BTREE,
  KEY `user_id` (`user_id`),
  KEY `sort` (`sort`),
  KEY `exam_id` (`exam_id`)
) ENGINE=InnoDB DEFAULT CHARSET=utf8mb4 COLLATE=utf8mb4_general_ci COMMENT='错题本';
/*!40101 SET character_set_client = @saved_cs_client */;

--
-- Dumping data for table `el_user_book`
--

LOCK TABLES `el_user_book` WRITE;
/*!40000 ALTER TABLE `el_user_book` DISABLE KEYS */;
INSERT INTO `el_user_book` VALUES ('1998992207855984642','1587621704140427265','10001','1587622644356583425','2025-12-11 13:44:16','2025-12-11 13:44:16',1,'在关系型数据库中，关于 主键（Primary Key）的描述，下列说法正确的是（）',1);
/*!40000 ALTER TABLE `el_user_book` ENABLE KEYS */;
UNLOCK TABLES;

--
-- Table structure for table `el_user_exam`
--

DROP TABLE IF EXISTS `el_user_exam`;
/*!40101 SET @saved_cs_client     = @@character_set_client */;
/*!50503 SET character_set_client = utf8mb4 */;
CREATE TABLE `el_user_exam` (
  `id` varchar(32) CHARACTER SET utf8mb4 COLLATE utf8mb4_general_ci NOT NULL,
  `user_id` varchar(32) CHARACTER SET utf8mb4 COLLATE utf8mb4_general_ci NOT NULL COMMENT '用户ID',
  `exam_id` varchar(32) CHARACTER SET utf8mb4 COLLATE utf8mb4_general_ci NOT NULL COMMENT '考试ID',
  `try_count` int NOT NULL DEFAULT '1' COMMENT '考试次数',
  `max_score` int NOT NULL DEFAULT '0' COMMENT '最高分数',
  `passed` tinyint NOT NULL DEFAULT '0' COMMENT '是否通过',
  `create_time` datetime DEFAULT NULL COMMENT '创建时间',
  `update_time` datetime DEFAULT NULL COMMENT '更新时间',
  PRIMARY KEY (`id`) USING BTREE,
  UNIQUE KEY `user_id` (`user_id`,`exam_id`) USING BTREE
) ENGINE=InnoDB DEFAULT CHARSET=utf8mb4 COLLATE=utf8mb4_general_ci COMMENT='考试记录';
/*!40101 SET character_set_client = @saved_cs_client */;

--
-- Dumping data for table `el_user_exam`
--

LOCK TABLES `el_user_exam` WRITE;
/*!40000 ALTER TABLE `el_user_exam` DISABLE KEYS */;
INSERT INTO `el_user_exam` VALUES ('1998992207369445377','10001','1587621704140427265',1,20,0,'2025-12-11 13:44:16','2025-12-11 13:44:16');
/*!40000 ALTER TABLE `el_user_exam` ENABLE KEYS */;
UNLOCK TABLES;

--
-- Table structure for table `qrtz_blob_triggers`
--

DROP TABLE IF EXISTS `qrtz_blob_triggers`;
/*!40101 SET @saved_cs_client     = @@character_set_client */;
/*!50503 SET character_set_client = utf8mb4 */;
CREATE TABLE `qrtz_blob_triggers` (
  `SCHED_NAME` varchar(120) CHARACTER SET utf8mb4 COLLATE utf8mb4_general_ci NOT NULL,
  `TRIGGER_NAME` varchar(200) CHARACTER SET utf8mb4 COLLATE utf8mb4_general_ci NOT NULL,
  `TRIGGER_GROUP` varchar(200) CHARACTER SET utf8mb4 COLLATE utf8mb4_general_ci NOT NULL,
  `BLOB_DATA` blob,
  PRIMARY KEY (`SCHED_NAME`,`TRIGGER_NAME`,`TRIGGER_GROUP`),
  CONSTRAINT `qrtz_blob_triggers_ibfk_1` FOREIGN KEY (`SCHED_NAME`, `TRIGGER_NAME`, `TRIGGER_GROUP`) REFERENCES `qrtz_triggers` (`SCHED_NAME`, `TRIGGER_NAME`, `TRIGGER_GROUP`)
) ENGINE=InnoDB DEFAULT CHARSET=utf8mb4 COLLATE=utf8mb4_general_ci;
/*!40101 SET character_set_client = @saved_cs_client */;

--
-- Dumping data for table `qrtz_blob_triggers`
--

LOCK TABLES `qrtz_blob_triggers` WRITE;
/*!40000 ALTER TABLE `qrtz_blob_triggers` DISABLE KEYS */;
/*!40000 ALTER TABLE `qrtz_blob_triggers` ENABLE KEYS */;
UNLOCK TABLES;

--
-- Table structure for table `qrtz_calendars`
--

DROP TABLE IF EXISTS `qrtz_calendars`;
/*!40101 SET @saved_cs_client     = @@character_set_client */;
/*!50503 SET character_set_client = utf8mb4 */;
CREATE TABLE `qrtz_calendars` (
  `SCHED_NAME` varchar(120) CHARACTER SET utf8mb4 COLLATE utf8mb4_general_ci NOT NULL,
  `CALENDAR_NAME` varchar(200) CHARACTER SET utf8mb4 COLLATE utf8mb4_general_ci NOT NULL,
  `CALENDAR` blob NOT NULL,
  PRIMARY KEY (`SCHED_NAME`,`CALENDAR_NAME`)
) ENGINE=InnoDB DEFAULT CHARSET=utf8mb4 COLLATE=utf8mb4_general_ci;
/*!40101 SET character_set_client = @saved_cs_client */;

--
-- Dumping data for table `qrtz_calendars`
--

LOCK TABLES `qrtz_calendars` WRITE;
/*!40000 ALTER TABLE `qrtz_calendars` DISABLE KEYS */;
/*!40000 ALTER TABLE `qrtz_calendars` ENABLE KEYS */;
UNLOCK TABLES;

--
-- Table structure for table `qrtz_cron_triggers`
--

DROP TABLE IF EXISTS `qrtz_cron_triggers`;
/*!40101 SET @saved_cs_client     = @@character_set_client */;
/*!50503 SET character_set_client = utf8mb4 */;
CREATE TABLE `qrtz_cron_triggers` (
  `SCHED_NAME` varchar(120) CHARACTER SET utf8mb4 COLLATE utf8mb4_general_ci NOT NULL,
  `TRIGGER_NAME` varchar(200) CHARACTER SET utf8mb4 COLLATE utf8mb4_general_ci NOT NULL,
  `TRIGGER_GROUP` varchar(200) CHARACTER SET utf8mb4 COLLATE utf8mb4_general_ci NOT NULL,
  `CRON_EXPRESSION` varchar(200) CHARACTER SET utf8mb4 COLLATE utf8mb4_general_ci NOT NULL,
  `TIME_ZONE_ID` varchar(80) CHARACTER SET utf8mb4 COLLATE utf8mb4_general_ci DEFAULT NULL,
  PRIMARY KEY (`SCHED_NAME`,`TRIGGER_NAME`,`TRIGGER_GROUP`),
  CONSTRAINT `qrtz_cron_triggers_ibfk_1` FOREIGN KEY (`SCHED_NAME`, `TRIGGER_NAME`, `TRIGGER_GROUP`) REFERENCES `qrtz_triggers` (`SCHED_NAME`, `TRIGGER_NAME`, `TRIGGER_GROUP`)
) ENGINE=InnoDB DEFAULT CHARSET=utf8mb4 COLLATE=utf8mb4_general_ci;
/*!40101 SET character_set_client = @saved_cs_client */;

--
-- Dumping data for table `qrtz_cron_triggers`
--

LOCK TABLES `qrtz_cron_triggers` WRITE;
/*!40000 ALTER TABLE `qrtz_cron_triggers` DISABLE KEYS */;
/*!40000 ALTER TABLE `qrtz_cron_triggers` ENABLE KEYS */;
UNLOCK TABLES;

--
-- Table structure for table `qrtz_fired_triggers`
--

DROP TABLE IF EXISTS `qrtz_fired_triggers`;
/*!40101 SET @saved_cs_client     = @@character_set_client */;
/*!50503 SET character_set_client = utf8mb4 */;
CREATE TABLE `qrtz_fired_triggers` (
  `SCHED_NAME` varchar(120) CHARACTER SET utf8mb4 COLLATE utf8mb4_general_ci NOT NULL,
  `ENTRY_ID` varchar(95) CHARACTER SET utf8mb4 COLLATE utf8mb4_general_ci NOT NULL,
  `TRIGGER_NAME` varchar(200) CHARACTER SET utf8mb4 COLLATE utf8mb4_general_ci NOT NULL,
  `TRIGGER_GROUP` varchar(200) CHARACTER SET utf8mb4 COLLATE utf8mb4_general_ci NOT NULL,
  `INSTANCE_NAME` varchar(200) CHARACTER SET utf8mb4 COLLATE utf8mb4_general_ci NOT NULL,
  `FIRED_TIME` bigint NOT NULL,
  `SCHED_TIME` bigint NOT NULL,
  `PRIORITY` int NOT NULL,
  `STATE` varchar(16) CHARACTER SET utf8mb4 COLLATE utf8mb4_general_ci NOT NULL,
  `JOB_NAME` varchar(200) CHARACTER SET utf8mb4 COLLATE utf8mb4_general_ci DEFAULT NULL,
  `JOB_GROUP` varchar(200) CHARACTER SET utf8mb4 COLLATE utf8mb4_general_ci DEFAULT NULL,
  `IS_NONCONCURRENT` varchar(1) CHARACTER SET utf8mb4 COLLATE utf8mb4_general_ci DEFAULT NULL,
  `REQUESTS_RECOVERY` varchar(1) CHARACTER SET utf8mb4 COLLATE utf8mb4_general_ci DEFAULT NULL,
  PRIMARY KEY (`SCHED_NAME`,`ENTRY_ID`)
) ENGINE=InnoDB DEFAULT CHARSET=utf8mb4 COLLATE=utf8mb4_general_ci;
/*!40101 SET character_set_client = @saved_cs_client */;

--
-- Dumping data for table `qrtz_fired_triggers`
--

LOCK TABLES `qrtz_fired_triggers` WRITE;
/*!40000 ALTER TABLE `qrtz_fired_triggers` DISABLE KEYS */;
/*!40000 ALTER TABLE `qrtz_fired_triggers` ENABLE KEYS */;
UNLOCK TABLES;

--
-- Table structure for table `qrtz_job_details`
--

DROP TABLE IF EXISTS `qrtz_job_details`;
/*!40101 SET @saved_cs_client     = @@character_set_client */;
/*!50503 SET character_set_client = utf8mb4 */;
CREATE TABLE `qrtz_job_details` (
  `SCHED_NAME` varchar(120) CHARACTER SET utf8mb4 COLLATE utf8mb4_general_ci NOT NULL,
  `JOB_NAME` varchar(200) CHARACTER SET utf8mb4 COLLATE utf8mb4_general_ci NOT NULL,
  `JOB_GROUP` varchar(200) CHARACTER SET utf8mb4 COLLATE utf8mb4_general_ci NOT NULL,
  `DESCRIPTION` varchar(250) CHARACTER SET utf8mb4 COLLATE utf8mb4_general_ci DEFAULT NULL,
  `JOB_CLASS_NAME` varchar(250) CHARACTER SET utf8mb4 COLLATE utf8mb4_general_ci NOT NULL,
  `IS_DURABLE` varchar(1) CHARACTER SET utf8mb4 COLLATE utf8mb4_general_ci NOT NULL,
  `IS_NONCONCURRENT` varchar(1) CHARACTER SET utf8mb4 COLLATE utf8mb4_general_ci NOT NULL,
  `IS_UPDATE_DATA` varchar(1) CHARACTER SET utf8mb4 COLLATE utf8mb4_general_ci NOT NULL,
  `REQUESTS_RECOVERY` varchar(1) CHARACTER SET utf8mb4 COLLATE utf8mb4_general_ci NOT NULL,
  `JOB_DATA` blob,
  PRIMARY KEY (`SCHED_NAME`,`JOB_NAME`,`JOB_GROUP`)
) ENGINE=InnoDB DEFAULT CHARSET=utf8mb4 COLLATE=utf8mb4_general_ci;
/*!40101 SET character_set_client = @saved_cs_client */;

--
-- Dumping data for table `qrtz_job_details`
--

LOCK TABLES `qrtz_job_details` WRITE;
/*!40000 ALTER TABLE `qrtz_job_details` DISABLE KEYS */;
/*!40000 ALTER TABLE `qrtz_job_details` ENABLE KEYS */;
UNLOCK TABLES;

--
-- Table structure for table `qrtz_locks`
--

DROP TABLE IF EXISTS `qrtz_locks`;
/*!40101 SET @saved_cs_client     = @@character_set_client */;
/*!50503 SET character_set_client = utf8mb4 */;
CREATE TABLE `qrtz_locks` (
  `SCHED_NAME` varchar(120) CHARACTER SET utf8mb4 COLLATE utf8mb4_general_ci NOT NULL,
  `LOCK_NAME` varchar(40) CHARACTER SET utf8mb4 COLLATE utf8mb4_general_ci NOT NULL,
  PRIMARY KEY (`SCHED_NAME`,`LOCK_NAME`)
) ENGINE=InnoDB DEFAULT CHARSET=utf8mb4 COLLATE=utf8mb4_general_ci;
/*!40101 SET character_set_client = @saved_cs_client */;

--
-- Dumping data for table `qrtz_locks`
--

LOCK TABLES `qrtz_locks` WRITE;
/*!40000 ALTER TABLE `qrtz_locks` DISABLE KEYS */;
INSERT INTO `qrtz_locks` VALUES ('examScheduler','STATE_ACCESS'),('examScheduler','TRIGGER_ACCESS');
/*!40000 ALTER TABLE `qrtz_locks` ENABLE KEYS */;
UNLOCK TABLES;

--
-- Table structure for table `qrtz_paused_trigger_grps`
--

DROP TABLE IF EXISTS `qrtz_paused_trigger_grps`;
/*!40101 SET @saved_cs_client     = @@character_set_client */;
/*!50503 SET character_set_client = utf8mb4 */;
CREATE TABLE `qrtz_paused_trigger_grps` (
  `SCHED_NAME` varchar(120) CHARACTER SET utf8mb4 COLLATE utf8mb4_general_ci NOT NULL,
  `TRIGGER_GROUP` varchar(200) CHARACTER SET utf8mb4 COLLATE utf8mb4_general_ci NOT NULL,
  PRIMARY KEY (`SCHED_NAME`,`TRIGGER_GROUP`)
) ENGINE=InnoDB DEFAULT CHARSET=utf8mb4 COLLATE=utf8mb4_general_ci;
/*!40101 SET character_set_client = @saved_cs_client */;

--
-- Dumping data for table `qrtz_paused_trigger_grps`
--

LOCK TABLES `qrtz_paused_trigger_grps` WRITE;
/*!40000 ALTER TABLE `qrtz_paused_trigger_grps` DISABLE KEYS */;
/*!40000 ALTER TABLE `qrtz_paused_trigger_grps` ENABLE KEYS */;
UNLOCK TABLES;

--
-- Table structure for table `qrtz_scheduler_state`
--

DROP TABLE IF EXISTS `qrtz_scheduler_state`;
/*!40101 SET @saved_cs_client     = @@character_set_client */;
/*!50503 SET character_set_client = utf8mb4 */;
CREATE TABLE `qrtz_scheduler_state` (
  `SCHED_NAME` varchar(120) CHARACTER SET utf8mb4 COLLATE utf8mb4_general_ci NOT NULL,
  `INSTANCE_NAME` varchar(200) CHARACTER SET utf8mb4 COLLATE utf8mb4_general_ci NOT NULL,
  `LAST_CHECKIN_TIME` bigint NOT NULL,
  `CHECKIN_INTERVAL` bigint NOT NULL,
  PRIMARY KEY (`SCHED_NAME`,`INSTANCE_NAME`)
) ENGINE=InnoDB DEFAULT CHARSET=utf8mb4 COLLATE=utf8mb4_general_ci;
/*!40101 SET character_set_client = @saved_cs_client */;

--
-- Dumping data for table `qrtz_scheduler_state`
--

LOCK TABLES `qrtz_scheduler_state` WRITE;
/*!40000 ALTER TABLE `qrtz_scheduler_state` DISABLE KEYS */;
INSERT INTO `qrtz_scheduler_state` VALUES ('examScheduler','DESKTOP-63U5I3G1766589366961',1766589924127,10000);
/*!40000 ALTER TABLE `qrtz_scheduler_state` ENABLE KEYS */;
UNLOCK TABLES;

--
-- Table structure for table `qrtz_simple_triggers`
--

DROP TABLE IF EXISTS `qrtz_simple_triggers`;
/*!40101 SET @saved_cs_client     = @@character_set_client */;
/*!50503 SET character_set_client = utf8mb4 */;
CREATE TABLE `qrtz_simple_triggers` (
  `SCHED_NAME` varchar(120) CHARACTER SET utf8mb4 COLLATE utf8mb4_general_ci NOT NULL,
  `TRIGGER_NAME` varchar(200) CHARACTER SET utf8mb4 COLLATE utf8mb4_general_ci NOT NULL,
  `TRIGGER_GROUP` varchar(200) CHARACTER SET utf8mb4 COLLATE utf8mb4_general_ci NOT NULL,
  `REPEAT_COUNT` bigint NOT NULL,
  `REPEAT_INTERVAL` bigint NOT NULL,
  `TIMES_TRIGGERED` bigint NOT NULL,
  PRIMARY KEY (`SCHED_NAME`,`TRIGGER_NAME`,`TRIGGER_GROUP`),
  CONSTRAINT `qrtz_simple_triggers_ibfk_1` FOREIGN KEY (`SCHED_NAME`, `TRIGGER_NAME`, `TRIGGER_GROUP`) REFERENCES `qrtz_triggers` (`SCHED_NAME`, `TRIGGER_NAME`, `TRIGGER_GROUP`)
) ENGINE=InnoDB DEFAULT CHARSET=utf8mb4 COLLATE=utf8mb4_general_ci;
/*!40101 SET character_set_client = @saved_cs_client */;

--
-- Dumping data for table `qrtz_simple_triggers`
--

LOCK TABLES `qrtz_simple_triggers` WRITE;
/*!40000 ALTER TABLE `qrtz_simple_triggers` DISABLE KEYS */;
/*!40000 ALTER TABLE `qrtz_simple_triggers` ENABLE KEYS */;
UNLOCK TABLES;

--
-- Table structure for table `qrtz_simprop_triggers`
--

DROP TABLE IF EXISTS `qrtz_simprop_triggers`;
/*!40101 SET @saved_cs_client     = @@character_set_client */;
/*!50503 SET character_set_client = utf8mb4 */;
CREATE TABLE `qrtz_simprop_triggers` (
  `SCHED_NAME` varchar(120) CHARACTER SET utf8mb4 COLLATE utf8mb4_general_ci NOT NULL,
  `TRIGGER_NAME` varchar(200) CHARACTER SET utf8mb4 COLLATE utf8mb4_general_ci NOT NULL,
  `TRIGGER_GROUP` varchar(200) CHARACTER SET utf8mb4 COLLATE utf8mb4_general_ci NOT NULL,
  `STR_PROP_1` varchar(512) CHARACTER SET utf8mb4 COLLATE utf8mb4_general_ci DEFAULT NULL,
  `STR_PROP_2` varchar(512) CHARACTER SET utf8mb4 COLLATE utf8mb4_general_ci DEFAULT NULL,
  `STR_PROP_3` varchar(512) CHARACTER SET utf8mb4 COLLATE utf8mb4_general_ci DEFAULT NULL,
  `INT_PROP_1` int DEFAULT NULL,
  `INT_PROP_2` int DEFAULT NULL,
  `LONG_PROP_1` bigint DEFAULT NULL,
  `LONG_PROP_2` bigint DEFAULT NULL,
  `DEC_PROP_1` decimal(13,4) DEFAULT NULL,
  `DEC_PROP_2` decimal(13,4) DEFAULT NULL,
  `BOOL_PROP_1` varchar(1) CHARACTER SET utf8mb4 COLLATE utf8mb4_general_ci DEFAULT NULL,
  `BOOL_PROP_2` varchar(1) CHARACTER SET utf8mb4 COLLATE utf8mb4_general_ci DEFAULT NULL,
  PRIMARY KEY (`SCHED_NAME`,`TRIGGER_NAME`,`TRIGGER_GROUP`),
  CONSTRAINT `qrtz_simprop_triggers_ibfk_1` FOREIGN KEY (`SCHED_NAME`, `TRIGGER_NAME`, `TRIGGER_GROUP`) REFERENCES `qrtz_triggers` (`SCHED_NAME`, `TRIGGER_NAME`, `TRIGGER_GROUP`)
) ENGINE=InnoDB DEFAULT CHARSET=utf8mb4 COLLATE=utf8mb4_general_ci;
/*!40101 SET character_set_client = @saved_cs_client */;

--
-- Dumping data for table `qrtz_simprop_triggers`
--

LOCK TABLES `qrtz_simprop_triggers` WRITE;
/*!40000 ALTER TABLE `qrtz_simprop_triggers` DISABLE KEYS */;
/*!40000 ALTER TABLE `qrtz_simprop_triggers` ENABLE KEYS */;
UNLOCK TABLES;

--
-- Table structure for table `qrtz_triggers`
--

DROP TABLE IF EXISTS `qrtz_triggers`;
/*!40101 SET @saved_cs_client     = @@character_set_client */;
/*!50503 SET character_set_client = utf8mb4 */;
CREATE TABLE `qrtz_triggers` (
  `SCHED_NAME` varchar(120) CHARACTER SET utf8mb4 COLLATE utf8mb4_general_ci NOT NULL,
  `TRIGGER_NAME` varchar(200) CHARACTER SET utf8mb4 COLLATE utf8mb4_general_ci NOT NULL,
  `TRIGGER_GROUP` varchar(200) CHARACTER SET utf8mb4 COLLATE utf8mb4_general_ci NOT NULL,
  `JOB_NAME` varchar(200) CHARACTER SET utf8mb4 COLLATE utf8mb4_general_ci NOT NULL,
  `JOB_GROUP` varchar(200) CHARACTER SET utf8mb4 COLLATE utf8mb4_general_ci NOT NULL,
  `DESCRIPTION` varchar(250) CHARACTER SET utf8mb4 COLLATE utf8mb4_general_ci DEFAULT NULL,
  `NEXT_FIRE_TIME` bigint DEFAULT NULL,
  `PREV_FIRE_TIME` bigint DEFAULT NULL,
  `PRIORITY` int DEFAULT NULL,
  `TRIGGER_STATE` varchar(16) CHARACTER SET utf8mb4 COLLATE utf8mb4_general_ci NOT NULL,
  `TRIGGER_TYPE` varchar(8) CHARACTER SET utf8mb4 COLLATE utf8mb4_general_ci NOT NULL,
  `START_TIME` bigint NOT NULL,
  `END_TIME` bigint DEFAULT NULL,
  `CALENDAR_NAME` varchar(200) CHARACTER SET utf8mb4 COLLATE utf8mb4_general_ci DEFAULT NULL,
  `MISFIRE_INSTR` smallint DEFAULT NULL,
  `JOB_DATA` blob,
  PRIMARY KEY (`SCHED_NAME`,`TRIGGER_NAME`,`TRIGGER_GROUP`),
  KEY `SCHED_NAME` (`SCHED_NAME`,`JOB_NAME`,`JOB_GROUP`),
  CONSTRAINT `qrtz_triggers_ibfk_1` FOREIGN KEY (`SCHED_NAME`, `JOB_NAME`, `JOB_GROUP`) REFERENCES `qrtz_job_details` (`SCHED_NAME`, `JOB_NAME`, `JOB_GROUP`)
) ENGINE=InnoDB DEFAULT CHARSET=utf8mb4 COLLATE=utf8mb4_general_ci;
/*!40101 SET character_set_client = @saved_cs_client */;

--
-- Dumping data for table `qrtz_triggers`
--

LOCK TABLES `qrtz_triggers` WRITE;
/*!40000 ALTER TABLE `qrtz_triggers` DISABLE KEYS */;
/*!40000 ALTER TABLE `qrtz_triggers` ENABLE KEYS */;
UNLOCK TABLES;

--
-- Table structure for table `sys_config`
--

DROP TABLE IF EXISTS `sys_config`;
/*!40101 SET @saved_cs_client     = @@character_set_client */;
/*!50503 SET character_set_client = utf8mb4 */;
CREATE TABLE `sys_config` (
  `id` varchar(32) CHARACTER SET utf8mb4 COLLATE utf8mb4_general_ci NOT NULL COMMENT 'ID',
  `site_name` varchar(255) CHARACTER SET utf8mb4 COLLATE utf8mb4_general_ci DEFAULT NULL COMMENT '系统名称',
  `front_logo` varchar(255) CHARACTER SET utf8mb4 COLLATE utf8mb4_general_ci DEFAULT NULL COMMENT '前端LOGO',
  `back_logo` varchar(255) CHARACTER SET utf8mb4 COLLATE utf8mb4_general_ci DEFAULT NULL COMMENT '后台LOGO',
  `copy_right` varchar(255) CHARACTER SET utf8mb4 COLLATE utf8mb4_general_ci DEFAULT NULL COMMENT '版权信息',
  `create_time` datetime DEFAULT NULL COMMENT '创建时间',
  `update_time` datetime DEFAULT NULL COMMENT '更新时间',
  `create_by` varchar(255) CHARACTER SET utf8mb4 COLLATE utf8mb4_general_ci DEFAULT '' COMMENT '创建人',
  `update_by` varchar(255) CHARACTER SET utf8mb4 COLLATE utf8mb4_general_ci DEFAULT '' COMMENT '修改人',
  `data_flag` int DEFAULT '0' COMMENT '数据标识',
  PRIMARY KEY (`id`) USING BTREE
) ENGINE=InnoDB DEFAULT CHARSET=utf8mb4 COLLATE=utf8mb4_general_ci COMMENT='系统设置';
/*!40101 SET character_set_client = @saved_cs_client */;

--
-- Dumping data for table `sys_config`
--

LOCK TABLES `sys_config` WRITE;
/*!40000 ALTER TABLE `sys_config` DISABLE KEYS */;
INSERT INTO `sys_config` VALUES ('1','USTC在线考试系统',NULL,NULL,NULL,'2020-12-03 16:51:30','2020-12-03 16:51:30','','',1);
/*!40000 ALTER TABLE `sys_config` ENABLE KEYS */;
UNLOCK TABLES;

--
-- Table structure for table `sys_depart`
--

DROP TABLE IF EXISTS `sys_depart`;
/*!40101 SET @saved_cs_client     = @@character_set_client */;
/*!50503 SET character_set_client = utf8mb4 */;
CREATE TABLE `sys_depart` (
  `id` varchar(32) CHARACTER SET utf8mb4 COLLATE utf8mb4_general_ci NOT NULL COMMENT 'ID',
  `dept_type` int NOT NULL DEFAULT '1' COMMENT '1公司2部门',
  `parent_id` varchar(32) CHARACTER SET utf8mb4 COLLATE utf8mb4_general_ci NOT NULL COMMENT '所属上级',
  `dept_name` varchar(255) CHARACTER SET utf8mb4 COLLATE utf8mb4_general_ci NOT NULL DEFAULT '' COMMENT '部门名称',
  `dept_code` varchar(255) CHARACTER SET utf8mb4 COLLATE utf8mb4_general_ci NOT NULL DEFAULT '' COMMENT '部门编码',
  `sort` int NOT NULL DEFAULT '0' COMMENT '排序',
  PRIMARY KEY (`id`) USING BTREE
) ENGINE=InnoDB DEFAULT CHARSET=utf8mb4 COLLATE=utf8mb4_general_ci COMMENT='部门信息';
/*!40101 SET character_set_client = @saved_cs_client */;

--
-- Dumping data for table `sys_depart`
--

LOCK TABLES `sys_depart` WRITE;
/*!40000 ALTER TABLE `sys_depart` DISABLE KEYS */;
INSERT INTO `sys_depart` VALUES ('1302853644578000898',1,'0','中国科学技术大学','A01',1),('1302855940200284161',1,'1302855776496599041','先研院','A01A01A01',2),('1302855994843676674',1,'1302855776496599041','自动化系','A01A01A02',1),('1302856017283203073',1,'1302855776496599041','电子系','A01A01A03',3),('1302856084475953154',1,'1302855776496599041','计算机系','A01A01A05',5),('1302856266567467010',1,'1302855896415944705','化学系','A01A05A01',1),('1302856320602685442',1,'1302855896415944705','环境系','A01A05A02',2),('1318103313740320770',1,'1302853644578000898','材料系','A01A01',1),('1318103339229106178',1,'1302853644578000898','工程科学系','A01A02',2),('1318103362494910465',1,'1302853644578000898','教职工部','A01A03',3);
/*!40000 ALTER TABLE `sys_depart` ENABLE KEYS */;
UNLOCK TABLES;

--
-- Table structure for table `sys_role`
--

DROP TABLE IF EXISTS `sys_role`;
/*!40101 SET @saved_cs_client     = @@character_set_client */;
/*!50503 SET character_set_client = utf8mb4 */;
CREATE TABLE `sys_role` (
  `id` varchar(32) CHARACTER SET utf8mb4 COLLATE utf8mb4_general_ci NOT NULL COMMENT '角色ID',
  `role_name` varchar(255) CHARACTER SET utf8mb4 COLLATE utf8mb4_general_ci NOT NULL DEFAULT '' COMMENT '角色名称',
  PRIMARY KEY (`id`) USING BTREE
) ENGINE=InnoDB DEFAULT CHARSET=utf8mb4 COLLATE=utf8mb4_general_ci COMMENT='角色';
/*!40101 SET character_set_client = @saved_cs_client */;

--
-- Dumping data for table `sys_role`
--

LOCK TABLES `sys_role` WRITE;
/*!40000 ALTER TABLE `sys_role` DISABLE KEYS */;
INSERT INTO `sys_role` VALUES ('sa','超级管理员'),('student','学员');
/*!40000 ALTER TABLE `sys_role` ENABLE KEYS */;
UNLOCK TABLES;

--
-- Table structure for table `sys_user`
--

DROP TABLE IF EXISTS `sys_user`;
/*!40101 SET @saved_cs_client     = @@character_set_client */;
/*!50503 SET character_set_client = utf8mb4 */;
CREATE TABLE `sys_user` (
  `id` varchar(32) CHARACTER SET utf8mb4 COLLATE utf8mb4_general_ci NOT NULL COMMENT 'ID',
  `user_name` varchar(255) CHARACTER SET utf8mb4 COLLATE utf8mb4_general_ci NOT NULL DEFAULT '' COMMENT '用户名',
  `real_name` varchar(255) CHARACTER SET utf8mb4 COLLATE utf8mb4_general_ci NOT NULL DEFAULT '' COMMENT '真实姓名',
  `password` varchar(255) CHARACTER SET utf8mb4 COLLATE utf8mb4_general_ci NOT NULL DEFAULT '' COMMENT '密码',
  `salt` varchar(255) CHARACTER SET utf8mb4 COLLATE utf8mb4_general_ci NOT NULL DEFAULT '' COMMENT '密码盐',
  `role_ids` varchar(500) CHARACTER SET utf8mb4 COLLATE utf8mb4_general_ci NOT NULL DEFAULT '' COMMENT '角色列表',
  `depart_id` varchar(32) CHARACTER SET utf8mb4 COLLATE utf8mb4_general_ci NOT NULL DEFAULT '' COMMENT '部门ID',
  `create_time` datetime DEFAULT NULL COMMENT '创建时间',
  `update_time` datetime DEFAULT NULL COMMENT '更新时间',
  `state` int NOT NULL DEFAULT '0' COMMENT '状态',
  `data_flag` int NOT NULL DEFAULT '0' COMMENT '0正常,1隐藏',
  PRIMARY KEY (`id`) USING BTREE
) ENGINE=InnoDB DEFAULT CHARSET=utf8mb4 COLLATE=utf8mb4_general_ci COMMENT='管理用户';
/*!40101 SET character_set_client = @saved_cs_client */;

--
-- Dumping data for table `sys_user`
--

LOCK TABLES `sys_user` WRITE;
/*!40000 ALTER TABLE `sys_user` DISABLE KEYS */;
INSERT INTO `sys_user` VALUES ('10001','admin','超管A','06681cd08837b21adf6b5ef9279d403d','XoFFuS','sa','1318103313740320770','2020-04-20 13:51:03','2020-04-20 13:51:03',0,0),('1252125239901696002','person','张三','6dfdd6761a3e8319719f32abb9aeae9c','tZCjLq','student','1318103339229106178','2020-04-20 14:41:35','2020-04-20 14:41:35',0,0);
/*!40000 ALTER TABLE `sys_user` ENABLE KEYS */;
UNLOCK TABLES;

--
-- Table structure for table `sys_user_role`
--

DROP TABLE IF EXISTS `sys_user_role`;
/*!40101 SET @saved_cs_client     = @@character_set_client */;
/*!50503 SET character_set_client = utf8mb4 */;
CREATE TABLE `sys_user_role` (
  `id` varchar(32) CHARACTER SET utf8mb4 COLLATE utf8mb4_general_ci NOT NULL COMMENT 'ID',
  `user_id` varchar(32) CHARACTER SET utf8mb4 COLLATE utf8mb4_general_ci NOT NULL COMMENT '用户ID',
  `role_id` varchar(32) CHARACTER SET utf8mb4 COLLATE utf8mb4_general_ci NOT NULL COMMENT '角色ID',
  PRIMARY KEY (`id`) USING BTREE
) ENGINE=InnoDB DEFAULT CHARSET=utf8mb4 COLLATE=utf8mb4_general_ci COMMENT='用户角色';
/*!40101 SET character_set_client = @saved_cs_client */;

--
-- Dumping data for table `sys_user_role`
--

LOCK TABLES `sys_user_role` WRITE;
/*!40000 ALTER TABLE `sys_user_role` DISABLE KEYS */;
INSERT INTO `sys_user_role` VALUES ('1318103579445284865','10001','sa'),('1318128865264132097','1252125239901696002','student'),('1587574421424279555','1587574421424279554','student');
/*!40000 ALTER TABLE `sys_user_role` ENABLE KEYS */;
UNLOCK TABLES;
/*!40103 SET TIME_ZONE=@OLD_TIME_ZONE */;

/*!40101 SET SQL_MODE=@OLD_SQL_MODE */;
/*!40014 SET FOREIGN_KEY_CHECKS=@OLD_FOREIGN_KEY_CHECKS */;
/*!40014 SET UNIQUE_CHECKS=@OLD_UNIQUE_CHECKS */;
/*!40101 SET CHARACTER_SET_CLIENT=@OLD_CHARACTER_SET_CLIENT */;
/*!40101 SET CHARACTER_SET_RESULTS=@OLD_CHARACTER_SET_RESULTS */;
/*!40101 SET COLLATION_CONNECTION=@OLD_COLLATION_CONNECTION */;
/*!40111 SET SQL_NOTES=@OLD_SQL_NOTES */;

-- Dump completed on 2025-12-24 23:25:28
